pathway,pval,padj,log2err,ES,NES,size,leadingEdge,signed_log_padj
ADIPOGENESIS,0.05410122164048865,0.12692368713311122,0.25720646646883816,-0.319999479437889,-1.3380918479012807,117,PDCD4;TANK;CAT;IDH1;ACOX1;CDKN2C;TST;SUCLG1;PGM1;PPARG;LAMA4;CPT2;ALDH2;NKIRAS1;DECR1;CRAT;UBQLN1;ACADM;SLC27A1;SCP2,-0.8964573201336714
ALLOGRAFT_REJECTION,0.33189655172413796,0.41487068965517243,0.10714023727672473,0.27743274163767273,1.062655564368814,57,ETS1;EIF3J;TIMP1;EIF3A;RPS3A;RPS19;GZMB;TGFB1;RPL9;FLNA;RPS9;CD96;TAP2,0.3820872467103614
ANDROGEN_RESPONSE,0.0708955223880597,0.1476990049751244,0.23112670967383428,-0.3736883850141401,-1.3520225650914286,53,ZBTB10;SCD;IDI1;SLC38A2;B2M;CAMKK2;NDRG1;HMGCS1;RPS6KA3;ANKH;ALDH1A3;ITGAV;GPD1L;MYL12A;ZMIZ1;SLC26A2;DBI;LMAN1;AKAP12,-0.830622430451547
ANGIOGENESIS,0.2665406427221172,0.3601900577325908,0.11284335567556247,-0.5195570933344754,-1.1778689747582374,8,COL5A2;APP;ITGAV;PTK2,-0.44346827911078207
APICAL_JUNCTION,0.055846422338568937,0.12692368713311122,0.2529611230696109,-0.3451845230250346,-1.3811577105015418,84,ITGB4;CTNND1;TRAF1;JUP;GNAI1;JAM3;CD99;MAP4K2;CRAT;PBX2;DSC1;EGFR;CTNNA1;RSU1;MYH10;NEGR1;INPPL1;HADH;WASL;PTK2;ARHGEF6;YWHAH;EXOC4;ITGA2;NF1;ADAM9;ARPC2;ITGA3;RRAS,-0.8964573201336714
APICAL_SURFACE,0.34896810506566606,0.4238344552480678,0.09560314922043013,-0.39926171860845877,-1.081047571055201,15,ADAM10;APP;EPHB4,-0.3728037406033729
APOPTOSIS,0.1637323943661972,0.2640845070422535,0.1429011493869481,-0.30059922967939384,-1.1978133331013647,83,PDCD4;CTH;TIMP3;DPYD;BID;APP;CTNNB1;GSN;CASP8;TOP2A;CASP3;ANKH;RNASEL;ADD1;F2R;MADD;IFITM3;SLC20A1;TXNIP;LGALS3;KRT18;CD44;IGF2R;ERBB2;ERBB3;PAK1;PTK2;XIAP;ANXA1;CASP4;SOD1;PPP3R1,-0.5782570766553377
BILE_ACID_METABOLISM,0.08571428571428572,0.17142857142857143,0.2114001893849227,-0.3984138257632668,-1.3674676081602894,41,CAT;IDH1;IDI1;RXRA;PEX12;AMACR;SCP2;SLC22A18;NUDT12;PFKM;NPC1;HSD17B4;ALDH9A1;ABCD3;SOD1,-0.765916793966632
CHOLESTEROL_HOMEOSTASIS,0.00902044424597996,0.03169927993105745,0.3807304007227924,-0.47735146406837897,-1.6578635338460428,44,CD9;CBS;SCD;IDI1;PPARG;GNAI1;CTNNB1;FBXO6;HMGCS1;PCYT2;GPX8;HSD17B7,-1.4989506029406128
COAGULATION,0.013106905263495663,0.038549721363222544,0.3807304007227924,-0.47674960051954296,-1.5963885832543718,36,CD9;TIMP3;LRP1;USP11;SPARC;ITGB3;CAPN5;MMP14;GSN;CTSB;GDA,-1.413978756675339
COMPLEMENT,0.009509783979317234,0.03169927993105745,0.3807304007227924,-0.4033602923448499,-1.5698951746026932,75,CDH13;APOBEC3G;APOBEC3F;LRP1;CEBPB;MMP14;ZEB1;USP16;HSPA5;CTSB;PLA2G4A;CASP3;GRB2;GNB4;CTSL;XPNPEP1;CTSC;KYNU;GCA;PREP;DOCK4;CD59;LGALS3,-1.4989506029406128
DNA_REPAIR,0.2824074074074074,0.371588693957115,0.12267918956880833,0.2543745612497008,1.0860457434245288,108,EDF1;POLE4;STX3;SNAPC4;GPX4;TAF1C;SAC3D1;IMPDH2;BOLA2;TYMS;ELL;RAD51;DDB2;VPS37B;FEN1;NT5C3A;COX17;NELFE;POLD4;POLR3C;PNP;TAF10;AK1;ERCC4;APRT;DAD1;ZWINT;SUPT5H;TSG101;NFX1,0.4299375084209552
E2F_TARGETS,0.7250608272506083,0.755271695052717,0.07011321576425601,0.19738253591000787,0.9031608143658175,160,RRM2;KIF18B;UBE2S;CDC20;POLE4;CDCA3;SLBP;CDCA8;CDK4;TACC3;PLK1;HMGA1;TK1;PA2G4;NAP1L1;UBE2T,0.12189679083938237
EPITHELIAL_MESENCHYMAL_TRANSITION,3.117965318108057e-4,0.002227118084362898,0.49849310876659025,-0.47699104240412976,-1.8225361456692393,71,COL6A2;TIMP3;SFRP1;PRRX1;COL5A2;ANPEP;LOXL2;LRP1;CDH2;IGFBP3;NT5E;SPARC;ITGB3;BASP1;MMP14;QSOX1;SERPINE2;PLOD2;LAMC1;TNC;TGM2;CADM1;COL12A1;CAP2;CD59;CD44;NNMT;ITGAV,-2.652256755562446
ESTROGEN_RESPONSE_EARLY,8.515328339711889e-4,0.004730737966506604,0.47727081536286214,-0.47117264354120075,-1.795410346445915,70,ALDH3B1;TFAP2C;ELF1;CANT1;PTGES;ADD3;DEPTOR;DYNLT3;TUBB2B;SLC1A1;TPBG;PODXL;NRIP1;TGM2;GLA;INPP5F;NAV2;KDM4B;SVIL;PAPSS2;KRT18;CD44;IL6ST;SLC26A2;NCOR2;PDLIM3;TGIF2,-2.325071106665418
ESTROGEN_RESPONSE_LATE,0.001362351687631981,0.006811758438159905,0.45505986738722953,-0.4497229425982273,-1.7183474018523948,71,ALDH3B1;CD9;PDCD4;TFAP2C;SERPINA3;CKB;PTGES;PKP3;TST;ATP2B4;JAK1;ADD3;DYNLT3;TPBG;TSPAN13;TOP2A;NRIP1;GLA,-2.1667407615952756
FATTY_ACID_METABOLISM,3.982820202625096e-5,4.97852525328137e-4,0.557332238758646,-0.47229749134620364,-1.9169955342550784,97,IDH1;IDI1;ACSL4;ACOX1;SUCLG1;PRDX6;CPT2;DECR1;BLVRA;LDHA;CRAT;ACADM;HMGCS1;HMGCL;PTPRG;GCDH;ECI2;SERINC1;CRYZ;BCKDHB;HSPH1;HSD17B7;MIF;AADAT;HIBCH;MDH1;ETFDH;UROD;HADH;SUCLA2;PDHB;HSD17B4;FH;ACAA2;HADHB;DLD;ALDH9A1;UROS;YWHAH;NSDHL;ME1;PDHA1;NBN;ACSS1;SDHC;PSME1;SUCLG2,-3.3028992855964896
G2M_CHECKPOINT,0.5771230502599654,0.6412478336221837,0.06464845684219278,-0.22067248357043345,-0.9522008496705694,142,SMAD3;TTK;ATRX;KPNA2;CDKN2C;NDC80;XPO1;HMGB3;TOP2A;PBK;RPA2;POLE;MARCKS;STAG1;NUP50;RAD21;CUL1;CENPF;CKS1B;RAD54L;DR1;ORC6;MAD2L1;SMC2;LMNB1;SMC1A;CHMP1A;STMN1;HNRNPU;SMC4,-0.19297408908873642
GLYCOLYSIS,3.612912460119075e-6,9.032281150297688e-5,0.6272567397185284,-0.4692821747494451,-1.9528649590117166,115,CTH;IDH1;VLDLR;IGFBP3;NT5E;SLC16A3;P4HA2;CAPN5;SLC37A4;TPBG;QSOX1;PGK1;AGL;HSPA5;LDHA;PLOD2;ENO1;ALDH7A1;GNE;UGP2;PRPS1;PPIA;PYGL;EGFR;COPB2;GOT1;PYGB;AGRN;P4HA1;EXT2;MIF;MDH1;CD44;HK2;PAM;STMN1;GFPT1;GCLC;PFKP;DLD;ALDH9A1;SOD1;TXN;G6PD;NSDHL;ME1;PLOD1;PDK3;PGM2;SDC2;SDHC,-4.044202552468994
HEDGEHOG_SIGNALING,0.10285714285714286,0.1978021978021978,0.19189224038483796,-0.5306187781912214,-1.4032496089553326,14,AMOT;NRP2;VLDLR;DPYSL2;L1CAM,-0.7037688872177875
HEME_METABOLISM,0.027695592731866073,0.07288313876806862,0.35248785758361917,-0.3462216439487412,-1.3987745473892925,92,ALDH1L1;ASNS;CAT;P4HA2;ALDH6A1;YPEL5;CTSB;BLVRA;IGSF3;MBOAT2;TCEA1;ADD1;BPGM;NNT;BCAM;CLCN3;XPO7;KHNYN;GYPC;UROD;FBXO7;SDCBP;GCLC;ACP5;EZH1;FECH;UROS;TFRC,-1.1373729324085595
HYPOXIA,0.06631762652705062,0.14416875331967524,0.23112670967383428,-0.33884894771510593,-1.3558077075144828,84,VLDLR;PGM1;IGFBP3;P4HA2;SLC37A4;TPBG;PGK1;HSPA5;LDHA;NDRG1;ENO1;UGP2;EGFR;TGM2;XPNPEP1;PFKL;P4HA1;MIF;KDM3A;GBE1;STBD1;HK2;GAA;RBPJ;PAM;PFKP;AKAP12;PDK3;PGM2;SLC25A1;FOXO3;ALDOC;SDC2;SCARB1;S100A4;HEXA;CDKN1C;PRKCA;SLC2A1;SLC2A3,-0.8411288570321539
IL2_STAT5_SIGNALING,6.462111783103452e-4,0.004038819864439657,0.47727081536286214,-0.4663442959837304,-1.7722657463283487,67,CD81;AHR;COL6A1;TRAF1;NT5E;ANXA4;CTSZ;NDRG1;SNX9;CASP3;AMACR;TGM2;IFITM3;PRNP;ITGA6;P4HA1;NCOA3;POU2F1;MYO1E;CD44;HK2;ITGAV;IGF2R;CKAP4;SPRY4;FAH;SLC1A5;WLS;PUS1,-2.3937455163829795
IL6_JAK_STAT3_SIGNALING,0.19195612431444242,0.28579356270810213,0.13355495455759195,-0.4104780650897615,-1.235688724639894,23,CD9;LTBR;ITGB3;STAT2;GRB2;STAT1;STAT3;CD44;ITGA4;IL6ST,-0.5439475576018531
INFLAMMATORY_RESPONSE,0.3047619047619048,0.3907203907203908,0.10473282158065095,-0.32265224761075373,-1.1074326962990109,41,AHR;ITGB3;MMP14;TPBG;PDE4B;TLR3;ATP2B1;NMI,-0.4081339234405124
INTERFERON_ALPHA_RESPONSE,2.2470597784469986e-5,3.745099630744998e-4,0.5756102610711286,-0.5849170070916169,-2.0654996505447403,48,ELF1;NUB1;HELZ2;TDRD7;ADAR;DDX60;B2M;STAT2;LGALS3BP;IFI35;CASP8;TRIM5;UBA7;PSMA3;TRAFD1;IFITM3;NMI;HLA-C;MOV10;TXNIP;PARP14;TRIM21;TRIM25;PSMB9;EIF2AK2;GBP2;PSME1;PSMB8;PROCR;PARP9;SAMD9,-3.4265366242910216
INTERFERON_GAMMA_RESPONSE,6.126761060550441e-7,3.0633805302752206e-5,0.6594443980379349,-0.527318706928332,-2.120187247300391,86,TNFAIP2;HELZ2;TDRD7;MVP;HLA-B;ADAR;DDX60;IFIT1;B2M;STAT2;LGALS3BP;IFI35;CASP8;UPP1;PLA2G4A;CASP3;VAMP5;MTHFD2;PDE4B;STAT1;RAPGEF6;PSMA3;TRAFD1;BPGM;RIPK1;IFITM3;PSMA2;NMI;STAT3;NCOA3;TXNIP;PARP14;MX2;RNF213;OAS3;TRIM21;HLA-DRB1;PFKP;TRIM25;NAMPT;PSMB9;EIF2AK2;CASP4,-4.51379905218659
KRAS_SIGNALING_DN,0.20952380952380953,0.29931972789115646,0.13010563075112855,-0.4677016081344974,-1.2368618030438403,14,TFAP2B;CDKAL1;KRT1;SPTBN2;PTPRJ,-0.5238646582619887
KRAS_SIGNALING_UP,0.05172413793103448,0.12692368713311122,0.27650059925447157,-0.41458370691929974,-1.4454401972472415,45,SERPINA3;PRRX1;FBXO4;GFPT2;TRAF1;IGFBP3;JUP;TSPAN13;CBR4;SPRY2;ENG;PTBP2;ANKH;BPGM;ALDH1A3,-0.8964573201336714
MITOTIC_SPINDLE,0.13028764805414553,0.2246338759554233,0.15851410542482433,-0.27429662552375056,-1.205738107735133,157,DLGAP5;TTK;CEP192;NDC80;KIF3C;PREX1;GSN;LRPPRC;ARHGAP5;TOP2A;SUN2;MARCKS;RAPGEF6;PXN;SMC3;ARF6;TLK1;RANBP9;LLGL1;MYH10;ARHGAP29;FGD4;CENPF;AKAP13;MYO1E;DOCK4;CNTRL;LMNB1;WASL;PKD2;SMC1A;MID1;SMC4;CDC42BPA;APC;CSNK1D;ANLN;KIF20B;MAPRE1;NF1;RAB3GAP1;HDAC6;KIF11;KATNB1;BCR;CD2AP;ARHGEF7;RFC1;CEP250;DYNC1H1;BIN1;CTTN;RICTOR;KATNA1;PDLIM5;RHOF;TSC1;PCM1;MYO9B;PALLD;EZR;CYTH2;ROCK1;MYH9;ARHGEF11;KIF4A,-0.6485247492717108
MTORC1_SIGNALING,0.0015831347910268284,0.00719606723194013,0.45505986738722953,-0.3661087331828267,-1.5844506748969998,143,CD9;ASNS;CTH;PSAT1;IDH1;SCD;IDI1;GGA2;BCAT1;VLDLR;PHGDH;PGM1;ADD3;SLC37A4;PSPH;PGK1;HSPA5;LDHA;PLOD2;ENO1;HMGCS1;PPIA;MTHFD2;TCEA1;TBK1;PSMA3;GLA;PSMB5;RPA1;COPS5;DHFR;PFKL;GOT1;TXNRD1;PPA1;HPRT1;HSPA9;CTSC,-2.1429047877494702
MYC_TARGETS_V1,0.10817307692307693,0.20032051282051283,0.2114001893849227,0.25787794792202906,1.1987592819041042,187,IFRD1;CDK2;CDC20;CLNS1A;CDK4;IMPDH2;EIF3J;TYMS;RPL34;EEF1B2;NHP2;PA2G4;NAP1L1;EIF4A1;RPS10;POLE3;RPL6;RPS2;FBL;PABPC1;APEX1;RPL22;EIF4G2;NOP56;RPL14;RPL18;CNBP;RUVBL2;EIF3B;TRIM28;RPS3;RPLP0;RSL1D1;ABCE1;NOLC1;RPS5;MCM7;ETF1;NOP16;CYC1;TFDP1;TUFM;HDGF;SRSF7;RRP9;SSBP1;SRSF1;SNRPD1;RANBP1;PPM1G;MCM2;DDX21;C1QBP;PRDX4;HNRNPD;CSTF2,0.6982745766743675
MYC_TARGETS_V2,1.4535417428867433e-4,0.0012112847857389528,0.5188480777437918,0.5165193033575012,1.9316727338162052,50,TCOF1;BYSL;CDK4;PLK1;RRP12;PA2G4;GRWD1;MYBBP1A;IPO4;PES1;NOP56;MRTO4;NOP2;WDR74;NOLC1;TFB2M;NOP16;DCTPP1;FARSA;IMP4;NIP7;RRP9;EXOSC5;TBRG4;NDUFAF4;HSPE1;WDR43;MPHOSPH10;NOC4L;SRM,2.9167537376707564
MYOGENESIS,0.014203358962346849,0.03945377489540791,0.3807304007227924,-0.3905325896743531,-1.4854283448126029,65,COL6A2;CDH13;SCD;ITGB4;CKB;NQO1;IGFBP3;APP;SPARC;GSN;AEBP1;AGL;CRAT;FHL1;PRNP;PFKM;AGRN;NAV2;SVIL;SCHIP1,-1.4039114376303756
NOTCH_SIGNALING,0.19433962264150945,0.28579356270810213,0.13500203382863138,-0.5019631224913733,-1.2643540801591961,11,RBX1;MAML2,-0.5439475576018531
OXIDATIVE_PHOSPHORYLATION,0.9915397631133672,0.9915397631133672,0.03839958133694333,-0.1589752107406915,-0.7013338831389515,160,IDH1;OAT;BDH2;SUCLG1;ALDH6A1;DECR1;LDHA;NQO2;LRPPRC;ACADM;ACADSB;ACAT1;HSPA9;LDHB;NNT;BCKDHA;MDH1;ETFDH;OXA1L;SUCLA2;ATP6V1H;PDHB;OPA1;NDUFA4;NDUFS2;GLUD1;FH;ACAA2;HADHA;HADHB;DLD,-0.003689864863164692
P53_PATHWAY,0.35602094240837695,0.4238344552480678,0.09026354843400684,-0.26215615939164294,-1.048943323779841,84,CD81;CDH13;ITGB4;RXRA;APP;PTPN14;UPP1;NDRG1;APAF1;EPS8L2;TRAFD1;F2R;TM4SF1;LDHB,-0.3728037406033729
PANCREAS_BETA_CELLS,0.4288747346072187,0.498691551868859,0.09082414190071554,0.448994928432256,1.0502210825771852,9,AKT3;SPCS1;SEC11A;SRPRB;SRP14;SRP9,0.30216798892584007
PEROXISOME,0.011044926147641382,0.03451539421137932,0.3807304007227924,-0.41842656434074993,-1.58734389829928,64,CAT;IDH1;IDI1;ACSL4;ACOX1;MVP;IDE;CRAT;TOP2A;PEX5;HMGCL;SLC25A17;SCP2;CADM1;ECI2;PEX2;HSD17B4;PEX11B;ALDH9A1;CTBP1;PEX14;PRDX1;ABCD3;SOD1;YWHAH,-1.4619871620308817
PI3K_AKT_MTOR_SIGNALING,0.7019438444924406,0.7467487707366389,0.06583119583688658,0.22190403271621847,0.8784087518249877,69,SQSTM1;CDK2;AKT1S1;NFKBIB;CDK4;CAMK4;ATF1;THEM4;MKNK1;PRKAG1;DUSP3;RAC1;GSK3B;CSNK2B;PRKAR2A;MAP2K3;PTPN11;PAK4,0.12682548363877744
PROTEIN_SECRETION,0.009239009691001044,0.03169927993105745,0.3807304007227924,-0.3995944863773089,-1.5922848642261278,83,CD63;ARF1;TOM1L1;ADAM10;ANP32E;CLTA;RAB5A;VPS45;RPS6KA3;EGFR;GLA;COPB2;RAB9A;SNAP23;CTSC;CLCN3;ARFIP1;KRT18;CLTC;IGF2R;ICA1;PAM;ATP6V1H;MAPK1;STX7;LMAN1;OCRL;SOD1;STX16;GALC;DNM1L;BNIP3;AP2S1;RAB14;AP2B1;AP1G1;COPB1;SCAMP1;ZW10,-1.4989506029406128
REACTIVE_OXYGEN_SPECIES_PATHWAY,0.15370705244122965,0.2561784207353828,0.15016980212840597,-0.3770847647624871,-1.2511325783822955,33,CAT;NQO1;PRDX6;TXNRD1;PRNP;NDUFS2;GCLC;PFKP;OXSR1;PRDX1;SOD1;TXN;G6PD;PDLIM1;MSRA;ERCC2,-0.5914574559740491
SPERMATOGENESIS,0.18199233716475097,0.28436302681992337,0.14122511964253093,-0.35737811223310667,-1.2168050474828385,40,TTK;IDE;IL13RA2;PGK2;JAM3;TLE4,-0.5461268716973016
TGF_BETA_SIGNALING,0.5091911764705882,0.5786263368983957,0.07380527241712746,-0.3066196647191521,-0.9688636783257648,29,SMAD3;CTNNB1;ENG;PPM1A;SLC20A1;ID1;XIAP;NCOR2;APC,-0.23760180278389997
TNFA_SIGNALING_VIA_NFKB,0.22304832713754646,0.3097893432465923,0.12384217120104962,-0.3111839465247969,-1.1511774345901715,57,SMAD3;TNFAIP2;TANK;ZBTB10;CEBPB;GFPT2;TRAF1;NFAT5;TNC;PDE4B;MARCKS;ATP2B1;KYNU;B4GALT5;CD44;IL6ST,-0.5089335260500328
UNFOLDED_PROTEIN_RESPONSE,0.7607913669064749,0.7763177213331376,0.05334778506754903,-0.21692508325695814,-0.8526342049208655,79,ASNS;PSAT1;TTC37;CEBPB;IFIT1;HSPA5;MTHFD2;CNOT2,-0.10996049989950998
UV_RESPONSE_DN,1.0032509950439768e-4,0.0010032509950439767,0.5384340963099162,-0.4878011882231554,-1.904699072983689,77,SMAD3;COL5A2;MMP16;ATRX;VLDLR;PPARG;ANXA4;RXRA;ATP2B4;ADD3;ITGB3;PIK3CD;LAMC1;ATRN;ATP2B1;SLC22A18;CAP2;BCKDHB;SCHIP1;ID1;MIOS;MAP1B;NIPBL;CACNA1A;ADGRL2;ERBB2;ICA1;PHF3,-2.998590400852141
UV_RESPONSE_UP,0.6748878923766816,0.7335737960616103,0.06961334388509648,0.2193232009127799,0.8896649559782989,79,SQSTM1;CDK2;JUNB;DNAJA1;CHKA;WIZ;BAK1;FEN1;CYB5R1;POLE3;CNP;AGO2;SLC25A4;CDC34;ALDOA;HMOX1,0.13455619046385386
WNT_BETA_CATENIN_SIGNALING,0.12162162162162163,0.2171814671814672,0.17669426893849804,-0.5216931708825068,-1.3567170683310494,13,GNAI1;CTNNB1;ADAM17;CUL1;RBPJ;NCOR2,-0.6631772372978517
XENOBIOTIC_METABOLISM,0.007639541571199231,0.03169927993105745,0.40701791892395395,-0.3971729972137518,-1.5740333739057444,81,AKR1C2;CAT;IDH1;SSR3;ACOX1;PTGES;BCAT1;NQO1;JUP;ALDH2;DHRS1;NDRG2;UPP1;PTGES3;HPRT1;KYNU;NPC1;PAPSS2;ETFDH;FAH;GSTM4;GCLC;ALDH9A1;SLC1A5;ACOX3;PTGR1;PGD;SMOX;UGDH;ACP1;PYCR1;CNDP2;LPIN2;SHMT2;MTHFD1;LONP1;DDAH2;PDLIM5;CYP27A1,-1.4989506029406128
