pathway,pval,padj,log2err,ES,NES,size,leadingEdge,culture,signed_log_padj
ADIPOGENESIS,0.00677164249865175,0.01354328499730351,0.40701791892395395,-0.36504939501744127,-1.3984498288758334,191,ANGPTL4;ENPP2;PGM1;IDH1;TANK;SQOR;PFKL;CCNG2;SLC27A1;PPARG;SLC25A1;CDKN2C;ITIH5;CRAT;LIFR;ALDH2;LIPE;PDCD4;COL15A1;C3;REEP6;FZD4;CPT2;PFKFB3;CD302;VEGFB;CAT;FAH;GPX3;ACLY;SCARB1;ACOX1;ABCA1;PLIN2;ACADS;APLP2;CMBL;ESRRA;BCL6;HADH;MGLL;MCCC1;ME1;ACADM;ADCY6;POR;GPX4;COX7B;STAT5A;DRAM2;LAMA4;SLC66A3;ITSN1,GiB-48h,-1.868275982388955
ALLOGRAFT_REJECTION,0.3439306358381503,0.4094412331406551,0.08175155825321447,-0.2867371419969102,-1.065918743063568,153,IL18;ICOSLG;ST8SIA4;HLA-DOA;IL1B;IL12RB1;GBP2;BCL3;HLA-DRA;HLA-E;PSMB10;IFNAR2;F2R;CCL2;AKT1;TGFB2;HLA-DMA;NOS2;IFNGR2;HLA-DQA1;IL4R;RIPK2;CD40;HLA-DMB;RPS9;CDKN2A;TAPBP;IKBKB;TGFB1;CTSS;CAPG;MMP9;EIF4G3;TRAF2;CSF1;APBB1;PTPN6;RPL3L;LYN;SOCS1,GiB-48h,-0.3878084234621275
ANDROGEN_RESPONSE,0.453030303030303,0.5267794221282593,0.06994587365016587,-0.283557720213743,-1.0023556794218595,100,ALDH1A3;IQGAP2;HOMER2;SLC26A2;LIFR;AKAP12;NDRG1;ABCC4;ZMIZ1;AKT1;CAMKK2;APPBP2;ITGAV;RPS6KA3;GPD1L;PTK2B;ANKH;SCD;MYL12A;HERC3;PLPP1,GiB-48h,-0.2783711984610067
ANGIOGENESIS,0.00260783079216898,0.00620912093373567,0.4317076958033464,-0.6162616231868435,-1.767506580860528,30,THBD;STC1;FSTL1;TNFRSF21;JAG2;VAV2;PDGFA;ITGAV;NRP1;PTK2;SERPINA5;COL5A2;APP,GiB-48h,-2.2069698814098375
APICAL_JUNCTION,2.0704056632971516e-4,0.00115022536849841,0.5188480777437918,-0.4218227145039328,-1.6023644178716427,182,CDH11;ITGB4;ITGA9;CLDN4;SLC30A3;CADM3;SDC3;NLGN2;TRAF1;WNK4;JUP;CRAT;INPPL1;ICAM5;CD99;MYH10;TGFBI;CNN2;MMP2;VAV2;ITGA10;PBX2;EVL;MDK;LAMB3;MVD;THBS3;PTK2;FBN1;PARD6G;CDH3;PKD1;RAC2;MAP4K2;MAPK11;ARHGEF6;MYL9;GAMT;CTNND1;CDH15;CERCAM;SRC;NF2;HADH;LAMC2;NRTN;TIAL1;CX3CL1;SIRPA;ITGA3;PLCG1;MMP9;NECTIN2,GiB-48h,-2.939217058162933
APICAL_SURFACE,0.09950248756218906,0.14632718759145452,0.18138312849840757,-0.43175968201437553,-1.3116386394329749,40,LYPD3;RTN4RL1;SULF2;GAS1;GATA3;CRYBG1;SRPX;AFAP1L2;ADAM10;APP;NCOA6;EPHB4;CX3CL1;GSTM3;PKHD1,GiB-48h,-0.8346749744627439
APOPTOSIS,0.4719424460431655,0.5362982341399608,0.06538341954687732,-0.2678784901710095,-0.9959190467087526,152,IL18;BGN;CCNA1;CD14;IL1B;DCN;TIMP3;GSN;CD44;PSEN2;SMAD7;PDCD4;CFLAR;MMP2;PDGFRB;BMF;F2R;BID;RNASEL;IER3;MADD;CTH;TGFB2;PTK2;ERBB2;LEF1;CTNNB1;GPX3;CDKN1B;APP;ANKH;CDC25B;IGFBP6;DAP,GiB-48h,-0.2705936330286034
BILE_ACID_METABOLISM,0.12042682926829268,0.1720383275261324,0.1563124030731863,-0.3506500812103628,-1.2364092364951569,98,ABCG4;IDH1;IDH2;PFKM;AMACR;SLC22A18;LIPE;RXRA;ABCA2;CAT;OPTN;ACSL5;ABCA1;HSD3B7;HSD17B4;ATXN1;PEX7;PEX11G;AR;RETSAT;IDI1;LONP2;ALDH9A1;PEX26;SOAT2;ABCA6;BCAR3;ABCA5;PAOX;GSTK1;SULT2B1;PEX16;CYP39A1;TFCP2L1,GiB-48h,-0.7643747880994757
CHOLESTEROL_HOMEOSTASIS,0.12788906009244994,0.17762369457284713,0.15214492236756472,-0.36809224789233247,-1.2535793698978408,74,CD9;CBS;ALDOC;PPARG;ACSS2;PCYT2;CXCL16;FBXO6;LSS;ABCA2;NIBAN1;FASN;MVD;PNRC1;SREBF2;GSTM2;CTNNB1;SCD;ETHE1;SQLE;TM7SF2;MVK;DHCR7;ACTG1;IDI1;GLDC;GPX8;FDFT1;HMGCS1,GiB-48h,-0.7504991008555637
COAGULATION,0.00624913709760157,0.01354328499730351,0.40701791892395395,-0.4197547694396711,-1.515342261410863,113,MMP1;FN1;ANG;SH2B2;THBD;CAPN5;CD9;CTSO;TIMP3;GSN;PDGFB;ITGB3;MMP15;A2M;MMP2;C3;LRP1;CFD;CAPN2;MMP14;HTRA1;C1R;MSRB2;FBN1;F2RL2;GDA;PREP;LTA4H;THBS1;CTSB;MMP9;MMP11;GNB2;ADAM9;MASP2;BMP1;APOC1;APOC2;CTSK;PRSS23;LAMP2;CFI,GiB-48h,-1.868275982388955
COMPLEMENT,0.3006993006993007,0.36670646426743986,0.08730982576379309,-0.28448439803689424,-1.074669227988589,175,MMP13;APOBEC3G;FN1;ANG;CTSO;CPM;PDGFB;DOCK10;MMP15;KCNIP3;CALM3;APOBEC3F;PIK3CA;MSRB1;PRKCD;C3;LRP1;GATA3;DOCK9;BRPF3;MMP14;C1R;USP16;IRF2;XPNPEP1;SH2B3;SRC;DOCK4;PREP;CEBPB;HPCAL4;LTA4H;ME1,GiB-48h,-0.435681434269192
DNA_REPAIR,2.34801037708409e-4,0.00117400518854204,0.5188480777437918,0.39745750501656046,1.6293837196760974,150,BRF2;FEN1;RAD51;TAF12;DDB2;TAF9;ERCC4;CLP1;PNP;PCNA;POLR3C;TAF13;DAD1;NUDT9;ELL;GTF2B;ELOA;POLR2K;ZWINT;STX3;DGCR8;NUDT21;POLE4;POLR1H;SUPT4H1;RPA3;TAF6;POLR2G;MRPL40;PRIM1;MPC2;SNAPC5;POLR2A;GTF2H1;RAE1;BOLA2;GTF2F1;EDF1;POLR2C;GTF2H5;SF3A3;IMPDH2;CETN2;RFC2;POLA2;NT5C3A;RFC4;VPS37B;REV3L;DGUOK;SAC3D1;ZNF707;CCNO;RPA2;POLD3;TMED2;TYMS;ERCC1;POLR2J;AK1;ADRM1;TAF1C;APRT;ERCC8;RALA,GiB-48h,2.93032998371004
E2F_TARGETS,4.393072345595939e-6,5.491340431994923e-5,0.610526878385931,0.41135165609519486,1.7425302678266188,200,CDKN1A;RRM2;ING3;PPM1D;RAD51C;EXOSC8;PA2G4;DDX39A;PSMC3IP;NOP56;GINS1;PPP1R8;POP7;ASF1A;PCNA;TCF19;CDC25A;NUP107;E2F8;EIF2S1;PHF5A;TFRC;MCM7;CHEK1;RAD51AP1;NUDT21;UBE2T;POLE4;AK2;SYNCRIP;RPA3;RNASEH2A;UBE2S;TRA2B;ATAD2;SLBP;DIAPH3;CDK4;GINS4;EED;CCP110;DONSON;MKI67;MSH2;HELLS;DCK;KIF18B;AURKB;NUP153;CDK1;TACC3;DCLRE1B;MCM6;NOLC1;HNRNPD;SNRPB;RFC2;MCM2;HMGB2;POLA2;H2AX;SPC25;TUBG1;TBRG4;CNOT9;MTHFD2;RPA2;CBX5;POLD3,GiB-48h,4.260321631658698
EPITHELIAL_MESENCHYMAL_TRANSITION,1.2014361210761423e-4,8.5816865791153e-4,0.5384340963099162,-0.4271461902369378,-1.6321183005256843,188,CDH11;COL6A3;BGN;MGP;COL8A2;MMP1;ANPEP;FN1;IGFBP3;COL5A1;COL6A2;DCN;FSTL1;TIMP3;FBLN1;SPOCK1;NID2;ABI3BP;ITGB3;LOXL2;SNAI2;CTHRC1;CD44;CRLF1;SFRP1;ID2;TGFBI;COL1A1;MMP2;PDGFRB;GAS1;FZD8;PRRX1;LRP1;PCOLCE;ADAM12;QSOX1;EFEMP2;AREG;PLOD1;MMP14;HTRA1;ITGAV;GPC1;FBN1;NNMT;VEGFC;NT5E;COL5A2;MYL9;SLC6A8;APLP1;ELN;MAGEE1;WNT5A;ITGB5;TGM2;COLGALT1;LAMC2;TGFB1;VIM;MFAP5;GPX7;SERPINE2;ITGA5;P3H1;PLOD2;THBS1;EDIL3;MSX1;IGFBP2;CAPG;CALD1;LAMC1;PDLIM4;SNTB1;COL4A2;WIPF1;CAP2;COL7A1;BASP1;BMP1;ECM2;TNC;DST,GiB-48h,-3.0664273508434707
ESTROGEN_RESPONSE_EARLY,5.026023582637235e-5,4.188352985531029e-4,0.557332238758646,-0.4352105787037246,-1.6613480492761823,187,OLFML3;SLC37A1;TUBB2B;RPS6KA2;PTGES;THSD4;DHRS2;DEPTOR;TMPRSS3;ABAT;SCNN1A;SLC1A1;KRT15;SVIL;KCNK5;ASB13;UNC119;TIAM1;SLC26A2;HR;PDLIM3;PODXL;RETREG1;CD44;PDZK1;KAZN;WFS1;RAB17;RAPGEFL1;LRIG1;ADD3;AQP3;KDM4B;NCOR2;RHOBTB3;FASN;AREG;FARP1;ZNF185;ALDH3B1;PAPSS2;TFAP2C;AKAP1;NRIP1;TFF3;SCARB1;TBC1D30;MYOF;UGCG;ADCY1;TGM2;NADSYN1;STC2;TPD52L1;CELSR2;CANT1;AMFR;FOXC1;GFRA1;INPP5F;RAB31;TPBG;PLAAT3;BAG1;TGIF2;DHRS3;LAD1;DHCR7;CELSR1;MPPED2;AR;FAM102A,GiB-48h,-3.3779567240303847
ESTROGEN_RESPONSE_LATE,2.2465970707859386e-5,2.2465970707859383e-4,0.5756102610711286,-0.457955317283855,-1.7276897196428205,178,ASS1;ST6GALNAC2;PKP3;RPS6KA2;CCNA1;PTGES;CD9;DHRS2;TMPRSS3;SCNN1A;FGFR3;KCNK5;TIAM1;IDH2;HOMER2;SLC26A2;HR;PDLIM3;IGSF1;CD44;IMPA2;PDZK1;WFS1;PDCD4;ID2;SERPINA3;PRKAR2B;RAPGEFL1;LARGE1;ADD3;MDK;NCOR2;GAL;SNX10;AREG;FARP1;ALDH3B1;CYP4F11;PAPSS2;TFAP2C;CKB;SERPINA5;NRIP1;TFF3;LLGL2;SCARB1;PLXNB1;MYOF;COX6C;LSR;LAMC2;TPD52L1;CELSR2;EMP2;KIF20A;AMFR;FOXC1;RAB31;DLG5;GFUS;TPBG;PLAAT3;BAG1;SGK1;DHCR7;PTPN6;TH;FAM102A;CPE;GJB3;OPN3;PRSS23;FDFT1;SORD;ETFB;SLC9A3R1;TSPAN13;ISG20;TOP2A,GiB-48h,-3.648474811704426
FATTY_ACID_METABOLISM,0.02699659429497377,0.0465458522327134,0.35248785758361917,-0.3666349915388771,-1.354370543898749,140,IDH1;PRDX6;GLUL;CRAT;AUH;PPARA;D2HGDH;MAOA;REEP6;CPT2;GCDH;FASN;BCKDHB;ACSS1;AOC3;GRHPR;ACSL4;ACSL5;ACOX1;MIF;ACADS;CYP1A1;HADH;MGLL;ME1;ADSL;HSD17B4;ACADM;HMGCL;ETFDH;CBR3;PSME1;UBE2L6;UROS;ACAA2;BMPR1B;CPT1A;RETSAT;IDI1;ACO2;LDHA;PTPRG;HMGCS1;BPHL;S100A10;CPOX;DECR1;IDH3G;NBN;ALDH9A1,GiB-48h,-1.3321190135591787
G2M_CHECKPOINT,0.00106215523512948,0.0035405174504316,0.45505986738722953,0.33918060848489784,1.4395070293038652,199,HSPA8;SNRPD1;ODC1;DDX39A;UCK2;EWSR1;CDC25A;PURA;MNAT1;TPX2;CHEK1;G3BP1;SYNCRIP;DKC1;MT2A;DR1;NUP98;UBE2S;TRA2B;SLC7A5;DTYMK;CDC7;MTF2;CDK4;PAFAH1B1;EFNA5;SLC38A1;MKI67;NSD2;RBL1;CUL3;CDC6;AURKB;CDK1;TACC3;MCM6;HMGN2;NOLC1;PRC1;ORC5;HNRNPD;MCM2;POLA2;HIF1A;ATF5;E2F3;BUB3;CHAF1A;H2AX;E2F1;SS18;ATRX;RPA2;UBE2C;NUMA1;HNRNPU;SLC7A1;CKS1B;PRIM2;KPNB1;PDS5B;YTHDC1;KIF5B;UPF1;NDC80;PML;E2F4;H2AZ2;CDC45;SUV39H1;SMC2;FBXO5;RBM14;CDC27;GSPT1;H2AZ1;SRSF10;NUP50;PRMT5,GiB-48h,2.450933260730048
GLYCOLYSIS,4.8305804007354654e-8,1.2076451001838665e-6,0.7195128263389107,-0.503475389253665,-1.926193894532123,190,DPYSL4;ARTN;ANGPTL4;ANG;IGFBP3;CAPN5;EGLN3;IDH1;STC1;COL5A1;VLDLR;SDC3;DCN;EFNA3;PPFIA4;PYGB;GNE;GYS1;UGP2;CHST1;CD44;CHST6;DDIT4;PFKP;TGFBI;SRD5A3;XYLT2;AK4;PYGL;HK2;MXI1;IER3;PHKA2;QSOX1;CTH;PLOD1;DSC2;SLC37A4;AGRN;GPC1;ME2;PPIA;NT5E;P4HA2;PGAM2;P4HA1;IL13RA1;PC;ENO1;ALDH7A1;TFF3;AGL;MIF;SPAG4;PGK1;SLC16A3;MPI;STC2;ABCB6;ME1;ADORA2B;B4GALT2;GLCE;FUT8;GPC4;PLOD2;KIF20A;CHST12;BIK;GFUS;TPBG;G6PD;PGLS;GALK1,GiB-48h,-5.9180606763749735
HEDGEHOG_SIGNALING,0.00155570255922858,0.00396449022815701,0.45505986738722953,-0.6055476374506505,-1.80081227548647,34,UNC5C;NRCAM;CRMP1;DPYSL2;VLDLR;PTCH1;AMOT;HEY2;NRP1;ADGRG1,GiB-48h,-2.4018126482786735
HEME_METABOLISM,0.1379800853485064,0.18645957479527892,0.13959967345192228,-0.3138523670833399,-1.184044572976001,178,SLC6A9;RHD;TENT5C;MBOAT2;AGPAT4;ERMAP;KEL;EIF2AK1;KDM7A;SMOX;NNT;C3;MXI1;AQP3;CAT;LPIN2;DAAM1;OPTN;P4HA2;ASNS;BCAM;PC;SLC6A8;RAP1GAP;SIDT2;DCAF10;ALDH6A1;CCDC28A;TFDP2;ABCB6;FBXO7;FOXO3;MKRN1;CTSB;FOXJ2;KAT2B;TRAK2;BNIP3L;PGLS;RBM38;EPOR;UROS;RANBP10;GYPC;RNF19A;ADD1;YPEL5;RBM5;TOP1;XPO7;LAMP2;PPP2R5B;SLC11A2;RHCE;ACP5;CPOX;PRDX2;KHNYN;ACKR1;HMBS;RCL1;RNF123;CAST;ANK1;LRP10;UBAC1;HEBP1,GiB-48h,-0.7294153104845553
HYPOXIA,0.00143232969426256,0.00396449022815701,0.45505986738722953,-0.39732605337580784,-1.5134925632898728,186,BGN;DPYSL4;ANGPTL4;IGFBP3;PGM1;STC1;COL5A1;VLDLR;PFKL;SDC3;CDKN1C;DCN;CCNG2;ALDOC;PLAC8;EFNA3;PPFIA4;SLC25A1;PDGFB;GAA;GYS1;RORA;UGP2;AKAP12;DDIT4;NDRG1;PFKP;PDK1;TGFBI;AK4;HS3ST1;HK2;MXI1;LARGE1;PFKFB3;IER3;TGFB3;SRPX;SLC37A4;PNRC1;GRHPR;GPC1;PGF;PRKCA;P4HA2;PGAM2;P4HA1;STBD1;ENO1;HK1;XPNPEP1;SCARB1;CDKN1B;MIF;PLIN2;INHA;PGK1;TPST2;RBPJ;MAP3K1;TGM2;STC2;ADORA2B;EFNA1;GPC4,GiB-48h,-2.4018126482786735
IL2_STAT5_SIGNALING,0.0015857960912628,0.00396449022815701,0.45505986738722953,-0.4021068668299785,-1.5169949420836877,178,TNFRSF1B;TTC39B;PLAGL1;CD81;CTSZ;CDKN1C;COL6A1;MYO1E;ITIH5;TRAF1;TIAM1;PTCH1;RORA;TNFRSF21;AMACR;CD44;ADAM19;P2RX4;SLC29A2;NDRG1;ANXA4;LRIG1;HK2;ITGA6;SPRY4;COCH;MAP3K8;FAH;HIPK2;CKAP4;ITGAV;NRP1;NT5E;DENND5A;P4HA1;EEF1AKMT1;IL4R;SNX9;CYFIP1;APLP1;PLIN2;F2RL2;CTLA4;ENPP1;TGM2;RABGAP1L;PLPP1;AHR;EMP1;RGS16;SNX14;ST3GAL4;GPX4;CAPG;CCNE1;SYNGR2;NFKBIZ;CSF1;FLT3LG;DHRS3;TWSG1;SMPDL3A;RRAGD;NCOA3;SYT11;SOCS1,GiB-48h,-2.4018126482786735
IL6_JAK_STAT3_SIGNALING,5.49533915413522e-4,0.0021135919823597,0.47727081536286214,-0.5260171968029385,-1.7593656487202705,69,TNFRSF1B;SOCS3;CD14;CD9;IL1B;IL12RB1;ITGB3;TNFRSF21;CD44;A2M;LTBR;STAT2;MAP3K8;IFNGR2;IL10RB;ITGA4;IL13RA1;ACVR1B;IRF9;IL15RA;IL4R;OSMR;LEPR;TNFRSF1A,GiB-48h,-2.6749788471668796
INFLAMMATORY_RESPONSE,0.5393258426966292,0.599250936329588,0.05785297570325092,-0.2563327389361733,-0.964827057072562,169,IL18;TNFRSF1B;ROS1;ICOSLG;KCNJ2;CD14;BST2;IFITM1;IL1B;ITGB3;P2RX4;PDE4B;PTGER4;CCL2;GABBR1;MMP14;IFNGR2;NMI;ACVR1B;IL15RA;IL4R;OSMR;RIPK2;CD40;ABCA1;TAPBP;CCL24;SEMA4D;ITGB8;ADORA2B;AHR;ITGA5;RGS16;CX3CL1;NAMPT,GiB-48h,-0.2223912787086504
INTERFERON_ALPHA_RESPONSE,3.4848074650627935e-6,5.491340431994923e-5,0.6272567397185284,-0.5538751262497836,-1.9479690897680235,95,GMPR;UBA7;HELZ2;BST2;IFITM1;DHX58;DDX60;GBP2;PARP12;TDRD7;MOV10;LPAR6;STAT2;USP18;NMI;HLA-C;IFITM2;IRF9;IL4R;IRF2;RIPK2;NUB1;RNF31;MX1;HERC6;PARP14;MVB12A;TRIM5;LGALS3BP;TRAFD1;PSME1;UBE2L6;IFIH1;CSF1;TMEM140;OASL;CMPK2;LAMP3;PSME2;PSMB8;PSMB9;OGFR;ISG20;IFITM3;LY6E;PARP9;CMTR1;TRIM25,GiB-48h,-4.260321631658698
INTERFERON_GAMMA_RESPONSE,0.01550175856974566,0.02870696031434382,0.3807304007227924,-0.3584158440771074,-1.3591730051799742,181,CIITA;ST8SIA4;SOCS3;HELZ2;BST2;APOL6;DHX58;DDX60;NOD1;PARP12;TDRD7;PSMB10;PFKP;SECTM1;IFNAR2;PDE4B;IRF5;CCL2;HLA-DRB1;STAT2;HLA-DMA;C1R;HLA-DQA1;USP18;NMI;MVP;OAS3;IFITM2;IRF9;IL15RA;IL4R;IRF2;RIPK2;RNF31;MX1;CD40;TAPBP;TNFAIP2;HERC6;PARP14;HLA-B;NAMPT;LGALS3BP;ITGB7;TRAFD1;XCL1;PSME1;UBE2L6;IFIH1;ST3GAL5;RIPK1;CASP4;PTPN6;OASL;NCOA3;CMPK2;SOCS1;PSME2;RNF213;PSMB8;PSMB9;OGFR;ISG20;IFITM3;NLRC5;LY6E;CMTR1;HLA-A;STAT3;MARCHF1;TRIM25,GiB-48h,-1.5420127910839971
KRAS_SIGNALING_DN,1.444124163094595e-4,9.025776019341218e-4,0.5188480777437918,-0.4540596430699604,-1.6835437704761125,147,KRT5;LFNG;ABCG4;THRB;TFF2;SLC30A3;LYPD3;IRS4;CCNA1;THNSL2;UPK3B;SNN;TFAP2B;SLC29A3;TENT5C;FGFR3;KRT15;PDK2;GPRC5C;PLAG1;GDNF;CCDC106;MACROH2A2;SLC25A23;TGFB2;MAST3;PTPRJ;ARHGDIG;KCNN1,GiB-48h,-3.044515447989716
KRAS_SIGNALING_UP,0.176056338028169,0.23165307635285395,0.12098514214525231,-0.3082917923133923,-1.1610969629339774,171,TNFRSF1B;RBP4;ALDH1A3;ANGPTL4;IGFBP3;GFPT2;SNAP25;GPRC5B;IL1B;LAPTM5;TRAF1;BTBD3;JUP;AKAP12;ST6GAL1;SPRY2;F2RL1;ID2;CAB39L;MMD;SERPINA3;TRIB2;PRRX1;MTMR10;NRP1;VWA5A;FBXO4;ZNF277;GABRA3;TRIB1;CBR4;MYCN;KCNN4;PCSK1N;ANKH;ADGRA2;MAP3K1;ATG10;RABGAP1L;EMP1;RGS16;CTSS;HKDC1;PRELID3B;MMP9;IGF2;ANO1;BTC;AVL9;MMP11;SCN1B,GiB-48h,-0.6351619279918103
MITOTIC_SPINDLE,0.03586206896551724,0.05977011494252873,0.28201335001172506,-0.3447971164732902,-1.3259962339486089,199,ARHGEF3;MYO1E;MARK4;GSN;TIAM1;TBCD;PREX1;BIN1;PKD2;LLGL1;MYH10;LRPPRC;TTK;SUN2;RANBP9;CEP250;CDC42EP4;FARP1;CDC42EP1;RAPGEF5;ARHGAP29;TLK1;NCK2;ABR;CDC42BPA;PIF1;ARL8A;PXN;HDAC6;CEP131;ARHGAP5;MARCKS;CLIP2;DOCK4;ARHGEF11;CYTH2;MYO9B;RHOT2;BCR;ITSN1;KPTN;ABL1;ARHGAP27;KIF3C;PCNT;RFC1;NIN;RALBP1;SMC4;DST;ARAP3;KIF15;CD2AP;STK38L;SMC3;NET1;CENPE;TSC1;TOP2A;BIRC5;PLEKHG2,GiB-48h,-1.2235159089838197
MTORC1_SIGNALING,0.05285033728851102,0.08257865201329848,0.3217759180753611,0.28533187470609933,1.2094366666309266,198,CDKN1A;PPP1R15A;SQSTM1;IFRD1;BTG2;RRM2;RIT1;DDIT3;PNO1;PSMC4;XBP1;DDX39A;EEF1E1;NFKBIB;UFM1;PNP;PSMC2;CDC25A;UBE2D3;COPS5;TES;TFRC;GSK3B;PSMD12;SDF2L1;CYB5B;SLC7A5;CACYBP;PSMD14;NMT1;MLLT11;SERP1;DHFR;GTF2H1;NFIL3;PSMC6;RDH11;ATP5MC1;PDAP1;M6PR;ETF1;SC5D;ABCF2;MCM2;EBP;FDXR;PSPH;ATP2A2;CYP51A1;ACSL3;TUBG1;PSMA3;MTHFD2;GLRX;NUFIP1,GiB-48h,1.0831322106834558
MYC_TARGETS_V1,3.9076196717738725e-9,1.9538098358869365e-7,0.7614608014455848,0.4676738105936009,1.981117028104466,200,IFRD1;CDK2;AIMP2;PSMC4;HNRNPA3;SNRPD1;ODC1;PCBP1;PA2G4;ACP1;APEX1;NOP56;UBE2L3;ABCE1;PCNA;CNBP;EIF4A1;EIF1AX;SSBP1;CSTF2;EIF3J;PSMA6;EIF2S1;COPS5;MCM7;CCT2;G3BP1;EIF4E;TARDBP;ERH;SYNCRIP;VBP1;TRA2B;PSMD14;MRPL9;CDK4;PSMD8;MRPS18B;RSL1D1;SERBP1;POLE3;SNRPD3;TOMM70;YWHAQ;VDAC3;PSMC6;PHB;PTGES3;TRIM28;PSMB3;SNRPG;IMPDH2;DHX15;SNRPA1;PSMA2;MCM6;NOLC1;HNRNPR;EIF4H;LSM7;ETF1;HNRNPD;C1QBP;MCM2;RFC4;NPM1;NOP16;CCT7;BUB3;SF3B3;CLNS1A;TUFM;SNRPA;ILF2;CCT5;EXOSC7;SET;TYMS;PSMA4;TCP1;RANBP1;HNRNPU;PSMD7;RPL34;HNRNPC;KPNB1,GiB-48h,6.709117708398173
MYC_TARGETS_V2,0.00154422253904804,0.00396449022815701,0.45505986738722953,0.4792949455999045,1.681823311054094,58,AIMP2;NIP7;BYSL;PA2G4;NDUFAF4;NOP56;MRTO4;TFB2M;GRWD1;PPRC1;WDR43;FARSA;UTP20;CDK4;PHB;PES1;RRP12;WDR74;NOLC1;PRMT3;TCOF1;NPM1;NOP16;TBRG4;MPHOSPH10;NOP2,GiB-48h,2.4018126482786735
MYOGENESIS,2.916605129634664e-4,0.00132572960437939,0.49849310876659025,-0.4264118506851159,-1.6049986151001443,169,GJA5;COL6A3;ITGB4;VIPR1;PTP4A3;EPHB3;IGFBP3;FABP3;COL6A2;PPFIA4;SVIL;GSN;CRAT;GAA;MRAS;TNNT1;PFKM;FKBP1B;AEBP1;PSEN2;BIN1;COL15A1;COL1A1;NOTCH1;LARGE1;CFD;ADAM12;NQO1;MEF2C;MAPK12;AGRN;CKB;FHL1;DENND2B;TSC2;PGAM2;PC;HDAC5;RYR1;GPX3;DMPK;SLC6A8;AGL;APP;IGFBP7;SCD;ITGB5;TCAP;STC2;TPD52L1;TGFB1;MAPRE3;ATP2A1;OCEL1,GiB-48h,-2.8775450455396805
NOTCH_SIGNALING,0.01356620633914851,0.02608885834451637,0.3807304007227924,-0.5545037635334221,-1.590378200234127,30,LFNG;ARRB1;DTX4;ST3GAL6;PSEN2;DTX1;FZD7;NOTCH1;PRKCA;WNT5A,GiB-48h,-1.5835449253277252
OXIDATIVE_PHOSPHORYLATION,0.5830258302583026,0.6337237285416332,0.10552093684319848,0.22695954927976467,0.9614252874206352,200,BAX;MRPS30;MRPS22;TIMM8B;CYCS;UQCRFS1;TOMM22;ATP6V0E1;OGDH;FXN;MRPL15;NDUFA5;UQCR10;NDUFA6;COX11;TIMM50;NDUFS6;NDUFB5;NDUFA8;TIMM17A;TIMM10;NDUFS4;TOMM70;VDAC3;NDUFA9;ATP6V1F;FDX1;ATP5MC1;NDUFB3;NDUFB4;UQCRB;ATP6V1G1;HCCS;SLC25A11;GRPEL1;ATP5MF;MRPL35;ATP5ME;MTRF1;ATP5MG;SLC25A4;MRPL34;ATP6V0C;MRPS12;MTRR;SDHD;ATP5PF;ATP6V1C1;ATP5PO;ATP5F1B;UQCRQ;HSD17B10;TIMM13;TIMM9;HTRA2;COX6B1,GiB-48h,0.19810003126553843
P53_PATHWAY,4.630888527493076e-4,0.00192953688645544,0.49849310876659025,0.36097530117366794,1.5228773494613488,193,TCHH;CDKN1A;NHLH2;HBEGF;PPP1R15A;ATF3;JUN;GADD45A;TRIAP1;SLC3A2;BTG2;SAT1;RPS27L;TPRKB;IER5;BAX;DDIT3;ZMAT3;ABHD4;MXD1;FAS;PPM1D;RAD51C;SPHK1;DDB2;CCNK;EPHA2;PLK2;DNTTIP2;TNFSF9;CGRRF1;PCNA;SESN1;PLK3;AEN;MDM2;BTG1;CCND3;OSGIN1,GiB-48h,2.7145469147184276
PANCREAS_BETA_CELLS,0.9779411764705882,0.9779411764705882,0.05605958750323349,0.2018099914203258,0.584363346190659,27,SRPRB;SRP9;MAFB;SEC11A;IAPP;ELP4;AKT3;SRP14;FOXO1;NKX6-1,GiB-48h,0.00968726740313173
PEROXISOME,0.1935483870967742,0.2481389578163772,0.12043337164225933,-0.3274568724437969,-1.1515462001914043,97,SEMA3C;IDH1;IDE;CRAT;IDH2;DLG4;PEX11B;PEX5;CAT;MVP;ACSL4;ACSL5;ACOX1;CACNA1B;ABCB4;HSD3B7;PABPC1;CRABP2;HSD17B4;TSPO;HMGCL;ATXN1;CTBP1;DHRS3;SLC25A17;RETSAT;IDI1;LONP2;CADM1,GiB-48h,-0.6053050461411095
PI3K_AKT_MTOR_SIGNALING,0.05605413006427176,0.08493050009738146,0.3217759180753611,0.3388468438246026,1.2998259575274222,96,NGF;CDKN1A;SQSTM1;CDK2;GNGT1;RIT1;DDIT3;UBE2N;NFKBIB;UBE2D3;GSK3B;PRKAA2;EIF4E;NCK1;CDK4;ATF1;PRKAR2A;PPP2R1B;RAC1;SFN;CDK1;PAK4;ARHGDIA;PIN1;THEM4;E2F1,GiB-48h,1.0709363186457923
PROTEIN_SECRETION,0.7681159420289855,0.8001207729468599,0.07608371609517249,0.22959933492414208,0.8786741286916131,95,BET1;SH3GL2;RAB9A;RAB14;RAB2A;NAPA;SCAMP3;STAM;CLN5;GBF1;SEC22B;PPT1;M6PR;CLTA;GOSR2;AP1G1;SNX2;TMED2;SGMS1;MON2;RAB22A;YIPF6;ARCN1;VPS4B,GiB-48h,0.09684445417603468
REACTIVE_OXYGEN_SPECIES_PATHWAY,0.7023026315789473,0.7471304591265397,0.05291298484305835,-0.27448095637714703,-0.8618973975128579,48,PRDX6;FES;PFKP;STK25;NQO1;CAT;GPX3;HHEX;ERCC2;GPX4;SBNO2;G6PD;TXNRD1,GiB-48h,-0.12660355784740973
SPERMATOGENESIS,0.9385307346326835,0.9576844230945752,0.03531570464798794,-0.20906356894030412,-0.7460865509556576,104,CCNA1;CCT6B;IDE;SPATA6;ART3;CNIH2;TTK;CLPB;TLE4;PCSK1N;CHFR;NF2;PEBP1;GSTM3;GMCL1;JAM3;SEPTIN4;BRAF;MLF1;IL13RA2;DBF4;GPR182;STRBP,GiB-48h,-0.01877757639861415
TGF_BETA_SIGNALING,0.21462639109697937,0.26828298887122415,0.11573444770168878,-0.3693064841762941,-1.179951817625723,52,SMAD6;CDKN1C;SMAD7;ID2;ID1;SMAD3;NCOR2;HIPK2;IFNGR2;ID3;BMPR1A;CTNNB1;TGIF1;TGFBR1;SMURF1;TGFB1;THBS1;RAB31,GiB-48h,-0.5714068639422064
TNFA_SIGNALING_VIA_NFKB,6.455748614561565e-4,0.00230562450520055,0.47727081536286214,0.3577099867910866,1.506774231572073,188,CDKN1A;HBEGF;PPP1R15A;BCL2A1;SQSTM1;ATF3;NR4A3;SERPINE1;CSF2;GEM;JUN;GADD45A;BTG2;SAT1;IER5;IL7R;MXD1;BIRC3;SPHK1;NR4A1;SLC16A6;PMEPA1;PLK2;TNFSF9;CLCF1;DNAJB4;NFE2L2;YRDC;FOSL1;GADD45B;TNFAIP3;CCN1;MAFF;EDN1;DUSP1;BTG1;FJX1;TNFRSF9;JAG1;IER2;ZFP36;SDC4;KLF10;FOSB;F3;TUBB2A;IRS2;DRAM1;PLAUR;DUSP5,GiB-48h,2.637211420631047
UNFOLDED_PROTEIN_RESPONSE,0.00652581480740926,0.01354328499730351,0.40701791892395395,0.36736823157775506,1.452275654211855,112,ATF3;XBP1;EXOSC1;EIF4A3;NOP56;EIF4A1;EXOSC9;EIF2S1;EIF4E;DNAJB9;EXOSC4;SRPRB;IMP3;DKC1;ARFGAP1;SLC7A5;NABP1;CXXC1;MTREX;TUBB2A;NOP14;BAG3;SERP1;ZBTB17;CNOT4;BANF1;PREB;NOLC1;YIF1A;EXOSC10;LSM1;GOSR2;SRPRA;NPM1;FUS;H2AX;GEMIN4;DCP1A;MTHFD2;SEC11A;CKS1B;DDX10;PARN;ATP6V0D1;KIF5B;LSM4;POP4;YWHAZ;HERPUD1;TARS1,GiB-48h,1.868275982388955
UV_RESPONSE_DN,0.018044748423692,0.03222276504230714,0.35248785758361917,-0.3675186021832016,-1.3555294467863015,141,IGFBP5;EFEMP1;VLDLR;PIK3CD;PPARG;CDON;ITGB3;ARHGEF9;SNAI2;SLC22A18;PIAS3;SMAD7;RXRA;COL1A1;ID1;PRKAR2B;SMAD3;ANXA4;CACNA1A;PDGFRB;KALRN;VAV2;ZMIZ1;ADD3;MTA1;BCKDHB;NRP1;ERBB2;BMPR1A;MAP2K5;PRKCA;CDC42BPA;RBPMS;MIOS;COL5A2;CDKN1B;FZD2,GiB-48h,-1.4918371954161034
UV_RESPONSE_UP,0.03728313003186968,0.060134080696563993,0.3217759180753611,0.3112691230539456,1.2760529997309342,150,TCHH;SQSTM1;ATF3;CDK2;BTG2;DNAJA1;FEN1;NR4A1;ABCB1;ONECUT1;PSMC3;DNAJB1;PPP1R2;TFRC;BTG1;CCND3;CHKA;CLTB;CYB5B;CYB5R1;FOSB;WIZ;POLE3;CDO1;PARP2;PPT1;ATP6V1F;PDAP1;PPAT;PRPF3;HMOX1;COL2A1;GRPEL1;CDC5L;POLG2;SIGMAR1;RFC4;H2AX;SOD2;SLC25A4;CNP;TMBIM6,GiB-48h,1.2208793239464986
WNT_BETA_CATENIN_SIGNALING,0.00144554631777345,0.00396449022815701,0.45505986738722953,-0.586380823393878,-1.765664339955422,39,NKD1;TCF7;WNT5B;HDAC11;PTCH1;PSEN2;TP53;JAG2;NOTCH1;FZD8;WNT6;HEY2;NCOR2;LEF1;HDAC5;CTNNB1,GiB-48h,-2.4018126482786735
XENOBIOTIC_METABOLISM,0.00303785453951362,0.00690421486253097,0.4317076958033464,-0.3991495615771664,-1.496800888645424,167,ATOH8;RBP4;AKR1C2;PTGES;IDH1;MAN1A1;FBLN1;JUP;AKR1C3;CYP2S1;ALDH2;ACOX3;CSAD;PSMB10;ID2;NDRG2;ABCC3;SMOX;MAOA;PINK1;PMM1;DDAH2;NQO1;NINJ1;TGFB2;CAT;FAH;DHRS1;LPIN2;XDH;PAPSS2;PC;TNFRSF1A;ACOX1;ABHD6;RAP1GAP,GiB-48h,-2.1608857016266287
